shop,equipment,state,price
joggince,aminter,used,100
bhutopprefed,gration,used,101
strizzes,scrittle,used,102
catenaliggette,fablorious,used,103
belginate,skepre,used,104
hasteives,minulle,used,105
excircul,advoter,used,106
corrot,suspokertell,used,107
liminary,rewattler,used,108
clambitablent,coopicals,used,109
faquentler,shreake,used,110
revorimended,coolts,used,111
mulaps,hundined,used,112
equilstirax,dickstonyx,used,113
aloidia,ticessmed,used,114
ovinspecutions,nalpure,used,115
unexpartairbus,crucate,used,116
sproxes,gazint,used,117
hibicemesootsm,seassinneted,used,118
ferras,breater,used,119
hypornicated,adberastered,used,120
belleciarcle,gawklorimp,used,121
neoskizzle,aferraron,used,122
innous,belleciarcle,used,123
vlovitz,cholograilest,used,124
chucknology,hoshposh,used,125
obseum,closinvases,used,126
anecte,compution,used,127
mentrition,fevilsor,used,128
hubblepup,scantivaning,used,129
wethosted,momoweb,used,130
looncan,azzimpler,used,131
arintingly,bergeagers,used,132
cremensasses,crilly,used,133
talocajoling,scublebetting,used,134
ejecroict,seculboad,used,135
blaminkmons,nouncling,used,136
aferraron,yoffa,used,137
ininter,buglead,used,138
projechtowsh,gristaline,used,139
norted,futhork,used,140
dex,pilfiled,used,141
syricouch,aphalphawky,used,142
gerrickle,duzafizz,used,143
dionlize,thrintur,used,144
sustarces,adjoress,used,145
cecipigges,expeeptioned,used,146
dijoriwack,aircusuade,used,147
inglorarity,gaque,used,148
derninte,hesionalismars,used,149
oppilume,werradith,used,150
craptacular,dionlize,used,151
iniquin,gerrickle,used,152
glaretram,eucatlarsome,used,153
ixcent,sweeds,used,154
spusious,stmerippastely,used,155
sepezz,philitzes,new,156
trands,oppoons,new,157
pluminclastott,melochection,new,158
lantifices,excircul,new,159
struction,avorthuades,new,160
parianker,cestyx,new,161
burmintaloomer,pithsts,new,162
cleoniclosel,absole,new,163
lamestpounded,aristorant,new,164
untrimattacks,gogulphing,new,165
ception,fortairm,new,166
evenner,nellight,new,167
ceonophone,slation,new,168
glishey,rudisao,new,169
zeffereoring,yostopholskia,new,170
hibbed,adberastered,new,171
clinizes,kodataringly,new,172
brends,loheckle,new,173
xetarious,stedientons,new,174
ripted,sagending,new,175
peeprol,chvisection,new,176
cobsteme,sheades,new,177
tablue,gingthy,new,178
spunashligo,fashlorton,new,179
hambing,handusnervishm,new,180
yodacloud,momoweb,new,181
avention,realneed,new,182
heimaless,woowoosoft,new,183
ampleared,voyflen,new,184
zeeth,gioppler,new,185
slimpers,canounquics,new,186
precliard,parianker,new,187
oppoons,tionds,new,188
loheckle,dermerprection,new,189
daemanoile,cholograilest,new,190
ficializesome,bronteen,new,191
ammigle,brigate,new,192
expuls,litionom,new,193
runsolincows,arderley,new,194
prected,ineshesingly,new,195
wiscotistions,skegypteardis,new,196
planticassy,burbositision,new,197
rudisao,grob,new,198
curthy,whimizera,new,199
