username,password,email,first_name,last_name,phone_number
DEMOJV,123456,DEMOJV@outlook.com,Jefferson,Eugenia,19539743427
AFNYRU,123458,AFNYRU@outlook.com,Edna,Amira,596394161021
MQVMXF,123460,MQVMXF@outlook.com,Simonne,Benny,4448101062438
SKKCCZ,123462,SKKCCZ@outlook.com,Claudia,Arnette,8961052210683
PKAVPR,123464,PKAVPR@outlook.com,Brook,Dallas,631061010269710
HAUVLM,123466,HAUVLM@outlook.com,Lue,Coretta,898317815103
WJTJXO,123468,WJTJXO@outlook.com,Charlette,Kathlene,88341126955
TLVERQ,123470,TLVERQ@outlook.com,Sandi,Tobias,27773598279
OQOPYS,123472,OQOPYS@outlook.com,Idalia,Juanita,1069106174265
HKXSYG,123474,HKXSYG@outlook.com,Alex,Briana,611652510796
GCEEXH,123476,GCEEXH@outlook.com,Sylvia,Dacia,452639821051
ZDZSRL,123478,ZDZSRL@outlook.com,Ellyn,Shavonne,396724107889
PSIOAA,123480,PSIOAA@outlook.com,Octavio,Gerry,7186171093510
NWWQNF,123482,NWWQNF@outlook.com,Clark,Tari,79293621491
ZZZHCF,123484,ZZZHCF@outlook.com,Donnette,Tawanna,66179866795
TPOYPP,123486,TPOYPP@outlook.com,Tandy,Brendan,42257928491
YXRNMR,123488,YXRNMR@outlook.com,Oma,Boyd,94456537378
EPZFZT,123490,EPZFZT@outlook.com,Beckie,Tisha,99958779633
AFEPWQ,123492,AFEPWQ@outlook.com,Jovan,Marissa,107422736613
KOXGKP,123494,KOXGKP@outlook.com,Aleida,Jaime,22535951514
FYHKFZ,123496,FYHKFZ@outlook.com,Linnea,Daniel,310264686155
MIZKGF,123498,MIZKGF@outlook.com,Hilton,Vickey,92699581566
UNMEKY,123500,UNMEKY@outlook.com,Leia,Jammie,16453767118
LAQNNW,123502,LAQNNW@outlook.com,Nakisha,Alonso,52343227353
MJLPNX,123504,MJLPNX@outlook.com,Nell,Mellissa,42622999627
CPCRYL,123506,CPCRYL@outlook.com,Dorris,Armida,991510917392
BYRVKH,123508,BYRVKH@outlook.com,Carolina,Devin,10374310143610
EBRIME,123510,EBRIME@outlook.com,Jeanie,Donte,74425581265
RHQPOF,123512,RHQPOF@outlook.com,Joline,Alec,108293523595
ZULWHA,123514,ZULWHA@outlook.com,Shirly,Arie,41095108445610
OGRHOM,123516,OGRHOM@outlook.com,Elsie,Reggie,518424107486
BNLHVJ,123518,BNLHVJ@outlook.com,Shanell,Mirian,192105462634
TYLKPU,123520,TYLKPU@outlook.com,Yuonne,Deadra,85842378332
BYCPEF,123522,BYCPEF@outlook.com,Marita,Elsa,810348853274
VSKCTM,123524,VSKCTM@outlook.com,Darcel,Keely,2110761038735
GOZEQR,123526,GOZEQR@outlook.com,Sherwood,Bari,10101022342131
WKGNBC,123528,WKGNBC@outlook.com,Delora,Lashunda,43338125588
VXTVIF,123530,VXTVIF@outlook.com,Sierra,Lloyd,91069745101096
KPELYT,123532,KPELYT@outlook.com,Riley,Robbie,99375664986
YDUICD,123534,YDUICD@outlook.com,Fabiola,Sammy,91493931698
TZOEZZ,123536,TZOEZZ@outlook.com,Corliss,Dorsey,63537648782
CKVKWC,123538,CKVKWC@outlook.com,Tammy,Rosana,210989326645
XLKWCJ,123540,XLKWCJ@outlook.com,Alix,Jaquelyn,82710810296109
QGHSRZ,123542,QGHSRZ@outlook.com,Summer,Elvina,58148194621
TKYGBF,123544,TKYGBF@outlook.com,Ursula,Janee,461025219189
AJLTOE,123546,AJLTOE@outlook.com,Avril,Karan,64658629851
HIBJXC,123548,HIBJXC@outlook.com,Malia,Jeanett,821715382710
GLFAKR,123550,GLFAKR@outlook.com,Asley,Angele,578104251544
ATWSOT,123552,ATWSOT@outlook.com,Mercedes,Leonore,63811283814
XCZRKA,123554,XCZRKA@outlook.com,Deann,Albertha,53742451315
ORKGHU,123556,ORKGHU@outlook.com,Marry,Ha,396210548143
LWCEOY,123558,LWCEOY@outlook.com,Dolly,Romana,12969141226
MXJLHN,123560,MXJLHN@outlook.com,Keila,Rufina,715610956682
WZMSUW,123562,WZMSUW@outlook.com,Mirta,Jack,436591025957
ENWWRC,123564,ENWWRC@outlook.com,Jenice,Krystin,63123892734
PSPQTI,123566,PSPQTI@outlook.com,Luna,Del,31775987575
CKTEKV,123568,CKTEKV@outlook.com,Alysia,Mora,2479911048106
SHHGSJ,123570,SHHGSJ@outlook.com,Emma,Merlin,1391048996107
MEHEGN,123572,MEHEGN@outlook.com,Lurlene,Jenee,432812467101
BIXAPI,123574,BIXAPI@outlook.com,Cassandra,Eustolia,18381531815
JIDFFD,123576,JIDFFD@outlook.com,Sallie,Drucilla,6141668103210
LCCGQC,123578,LCCGQC@outlook.com,Porsha,Cortez,458734647310
DOQFEK,123580,DOQFEK@outlook.com,Patsy,Jae,310131738319
HQXAXW,123582,HQXAXW@outlook.com,Brigitte,Merideth,10153810175510
GLAXJH,123584,GLAXJH@outlook.com,Calista,Bertie,21099485102210
NXSCCM,123586,NXSCCM@outlook.com,Enda,Kori,57975868469
RPNDMN,123588,RPNDMN@outlook.com,Luanne,Margarett,25759539991
AEOAWY,123590,AEOAWY@outlook.com,Eddy,Viki,428154710614
FEAELH,123592,FEAELH@outlook.com,Lonna,Neda,59599882893
BXDZAO,123594,BXDZAO@outlook.com,Lauren,Daisey,71864983376
YSIBQD,123596,YSIBQD@outlook.com,Fidel,Denver,761012168242
OENJCT,123598,OENJCT@outlook.com,Jason,Mirta,75934677376
DRZXUM,123600,DRZXUM@outlook.com,Douglass,Yee,82483101101038
DNYKOC,123602,DNYKOC@outlook.com,Julianna,Winnie,818899961092
RMTEZL,123604,RMTEZL@outlook.com,Ezekiel,Laraine,101296271457
ZAJSVK,123606,ZAJSVK@outlook.com,Kenyatta,Modesta,89298773336
OXYLZC,123608,OXYLZC@outlook.com,Delia,Hilario,16793121315
JDIZRF,123610,JDIZRF@outlook.com,Van,Chang,109358253529
ETQXSI,123612,ETQXSI@outlook.com,Jospeh,Tiera,5910710256911
VYIZQS,123614,VYIZQS@outlook.com,Donnie,Efrain,1011929210101010
RJFGRS,123616,RJFGRS@outlook.com,Ellis,Bonny,49535134176
HNTVSA,123618,HNTVSA@outlook.com,Zada,Leila,287463932103
JFKNVH,123620,JFKNVH@outlook.com,Calvin,Chantay,911016746861
ISAHMH,123622,ISAHMH@outlook.com,Amy,Karleen,4104810773823
HRRBRR,123624,HRRBRR@outlook.com,Allen,Deloras,42318444973
CFNIUY,123626,CFNIUY@outlook.com,Darrell,Zona,1915351010384
TWFLEZ,123628,TWFLEZ@outlook.com,Lorri,Yolande,78857319455
CISNUY,123630,CISNUY@outlook.com,Valentine,Piedad,418910611354
TLSCWY,123632,TLSCWY@outlook.com,Vincent,Marquita,254110392624
TTIHFZ,123634,TTIHFZ@outlook.com,Yoshiko,Valentina,31263715634
MQKIWI,123636,MQKIWI@outlook.com,Yun,Lasandra,91031059791078
OACLKX,123638,OACLKX@outlook.com,Vergie,Providencia,47854395335
IDSAGT,123640,IDSAGT@outlook.com,Jae,Vince,45895285796
MCKEDK,123642,MCKEDK@outlook.com,Janell,Johana,987541711048
TOAXJZ,123644,TOAXJZ@outlook.com,Racquel,Stephine,797108827252
ZKQKWG,123646,ZKQKWG@outlook.com,Therese,Daphne,92154543918
ZRCMTE,123648,ZRCMTE@outlook.com,Sylvia,Taunya,97465799261
NGYRHB,123650,NGYRHB@outlook.com,Meg,Phoebe,325109772861
ZHXEPU,123652,ZHXEPU@outlook.com,Emely,Crista,181453961042
BUKTXC,123654,BUKTXC@outlook.com,Filiberto,Vickey,27782892397
